ID_Cliente,Nombre,Apellido,Correo_Electronico,Telefono,Fecha_Nacimiento
1,Patrick,Smith,jennifer45@example.com,001-516-261-9706x8274,2000-01-26
2,Kristi,Smith,lewiscrystal@example.com,928-970-2308x2607,1994-01-14
3,Kimberly,York,jasonmoyer@example.net,281.678.5866x2192,1969-08-05
4,Deborah,Patterson,daviselizabeth@example.org,(986)926-3961x87660,1990-06-12
5,Jamie,Lawrence,brooksryan@example.org,+1-765-289-5029x3139,1993-07-19
6,Brandon,Miller,billyrogers@example.com,493.244.9985,1962-07-22
7,Malik,Hester,ubailey@example.net,001-803-692-6300x1649,1971-09-28
8,Sergio,Perez,mckenzieedwards@example.com,+1-443-556-5969x73995,1961-03-01
9,Kevin,Smith,jasonboone@example.org,758-278-9544,1990-10-11
10,Edgar,Hughes,donnabradley@example.com,001-943-909-8248,1974-08-26
11,Jason,Hernandez,esanchez@example.org,448-949-9920x73104,1970-12-20
12,Jonathan,Taylor,gordontammy@example.com,(787)809-5891,1986-11-22
13,Sheri,Rosales,danderson@example.net,(572)661-7921x3586,1981-03-03
14,Daniel,Mccarty,bowmanmegan@example.org,674-669-6541,1968-12-28
15,Denise,Farmer,masseycrystal@example.org,578.341.8185x5867,1977-09-12
16,Kimberly,Morris,myersfaith@example.net,+1-424-621-5024x63531,1983-11-19
17,Kelsey,Wallace,greendaniel@example.org,+1-971-493-0166x186,1998-01-12
18,April,Johnson,qmiller@example.org,367.705.5496x23385,1994-08-10
19,Edward,Pitts,christophercarpenter@example.net,517.848.2237x5919,1989-08-11
20,Daniel,Dunn,kyle04@example.net,+1-371-431-0830x623,1979-09-28
21,David,Reed,michaelsanford@example.com,864.503.2807,1963-04-16
22,Michael,Turner,timothy92@example.com,758.989.4992x21913,1973-08-01
23,Kristen,Caldwell,nwebb@example.org,965.535.9209,1966-04-13
24,Lucas,Valdez,wesley67@example.com,387-756-7126x333,1980-04-04
25,Tara,Vance,shafferjohn@example.com,8819947926,1988-10-13
26,Tracy,Jackson,yjohnson@example.com,(779)811-2614x98875,1977-10-06
27,Benjamin,Flores,michael23@example.org,001-533-749-2158,1996-03-04
28,Selena,Carlson,danielle24@example.net,6483835156,1974-09-19
29,David,Gray,jonesmackenzie@example.net,895-763-7628x34993,1980-03-23
30,Rebecca,Singleton,alexandriarodriguez@example.com,5724796928,1995-08-22
31,Stephanie,Cobb,acevedomorgan@example.net,616.218.0172x121,1988-03-05
32,Dale,Davis,bradleygoodman@example.net,(459)808-2582,1995-10-31
33,Alisha,Ryan,lucasparsons@example.net,852-501-7330,1998-03-09
34,Jessica,Levy,christinevelasquez@example.org,(853)241-0933,1995-11-12
35,Mary,Crane,kimbowen@example.net,(809)500-8462x767,1997-09-21
36,Jessica,Newman,jcooke@example.com,+1-648-757-3030x69225,1972-11-12
37,Brandon,Kane,olee@example.com,(328)785-4414x500,1990-09-15
38,Sarah,Fleming,greenelaura@example.com,(242)999-3283x766,1965-12-15
39,Robin,Ortiz,robert19@example.net,356.689.1268x62485,1970-03-25
40,Brittany,Boyd,emilyclark@example.org,(788)686-1085x1882,1974-03-06
41,Chad,Smith,anthonyjohnson@example.com,925.564.9549,2000-08-25
42,Julie,Rivera,scott29@example.org,407.362.6223x3411,1968-09-04
43,Jacqueline,Hale,dana52@example.com,(766)455-0518,1980-02-01
44,Mark,Hess,sara72@example.com,462.453.9663x4589,1986-12-16
45,Jonathan,Rivera,odonnelltammy@example.com,3868860111,1983-07-14
46,Erik,Bennett,mejialisa@example.net,001-358-731-8195x1781,1974-11-17
47,Steve,Barker,fgarcia@example.com,001-461-466-2781,1960-11-05
48,Sarah,Vargas,lindsayking@example.org,203.677.5616x233,1969-03-04
49,Michael,Fisher,thomashuang@example.org,+1-836-762-3699x0814,1966-04-14
50,Cory,Sutton,james28@example.org,(608)962-8011,1970-03-22
51,Kimberly,Medina,shernandez@example.net,001-244-673-7955x949,1998-10-11
52,Yvonne,Dennis,samuelrobertson@example.com,385-282-5220x5626,1966-11-14
53,Ryan,Davidson,xbrown@example.org,449.819.4725x6441,2000-03-28
54,Alexander,Rosales,josekim@example.net,+1-684-242-0101x1579,1964-08-31
55,Adriana,Fleming,rreese@example.com,001-656-600-7575,1965-10-18
56,David,Price,ashley13@example.org,450.667.0359,1978-08-14
57,Jonathan,Garcia,debbie72@example.org,+1-321-809-0176,1962-04-09
58,Daniel,Rodriguez,josephangela@example.org,667.553.6075,1991-02-28
59,Kathy,Harris,haleybell@example.org,001-443-616-6277x7419,1999-03-18
60,John,Banks,todd85@example.com,(228)355-9247x591,1986-05-24
61,Lynn,Solis,mullenronald@example.net,512-202-2360x9193,1989-05-25
62,Joseph,Newton,barroyo@example.org,(459)838-7278,1965-05-30
63,Adam,Davidson,robinsonderek@example.com,745-254-8393x7320,1988-02-29
64,Kimberly,Michael,fgordon@example.org,390.942.0554x41668,1960-11-19
65,Michael,Taylor,qcollins@example.org,565.338.0015,1969-08-27
66,Leslie,Escobar,amydalton@example.net,(887)800-1357,1980-07-16
67,Robert,Russell,zdaniel@example.net,866.957.8643,1983-04-25
68,Latasha,Frey,gmeyers@example.net,2076852931,1965-03-22
69,Matthew,Anderson,sandovaljeffrey@example.org,(211)905-4141x48986,1978-03-04
70,Austin,Mendoza,michelle10@example.net,320.950.3525x612,1977-07-31
71,Phillip,Grant,shawn38@example.com,(976)991-7682,1973-09-02
72,Megan,Mcdonald,evansbrandi@example.net,+1-930-344-2906,1981-09-20
73,Joshua,Hopkins,ekey@example.org,+1-233-216-0382x27553,1965-07-31
74,Dawn,Benitez,raymond87@example.org,379-864-7775x0096,1976-03-28
75,Michelle,Dean,deborah20@example.net,928-524-4528,1997-11-28
76,Robert,Guerrero,laura35@example.com,774.330.7158x105,1967-09-27
77,Gregory,Woods,jason01@example.org,351.896.4848x415,1975-05-07
78,Matthew,Barrett,kylie75@example.org,886.428.1903,1988-02-16
79,Steven,Lam,kristensims@example.com,629-319-8543x396,1996-07-08
80,Chase,Ferguson,brendanyork@example.org,(777)806-5337x74885,1988-06-10
81,Charles,Rangel,mejiaemily@example.org,303-769-8944x2739,1978-05-21
82,Emily,Perry,ygibson@example.com,7326689115,1964-05-30
83,Morgan,Hernandez,rnelson@example.org,+1-600-564-6927x72647,1981-07-12
84,Matthew,Brown,qgonzalez@example.net,359.759.2893x39256,1987-05-20
85,Edward,Barron,prattjennifer@example.com,(587)913-0396x98072,1983-12-28
86,Adam,Todd,huangalyssa@example.org,717-856-3650,1994-04-15
87,Christine,Powers,kevinsmith@example.com,(205)249-7326x8614,1980-05-08
88,Scott,Montgomery,scottjohnson@example.net,542.841.0881x9418,1989-12-23
89,Neil,Chavez,tblevins@example.com,696.656.3161,1981-02-07
90,Lori,Crawford,davidavila@example.com,(984)896-0036,1994-09-30
91,Melissa,Anderson,christopherdixon@example.org,+1-597-321-5784,1971-03-28
92,Cynthia,Hansen,underwoodjill@example.org,(385)318-2392,1976-05-23
93,Melissa,Kelly,lisadavis@example.net,001-456-737-3606,1989-10-03
94,Jeremiah,Cox,chavezpatrick@example.org,231-565-6956x08190,1984-12-08
95,Justin,Williams,nmorrow@example.org,(938)703-5549,1984-03-03
96,Monica,Blair,dstewart@example.org,620.247.4185,1976-02-21
97,Jessica,Bell,lopezpaul@example.com,+1-708-252-0756x7190,1979-01-12
98,Nancy,Wallace,jrobinson@example.net,001-618-573-3985,1967-02-03
99,Mark,Wolfe,michaelmorris@example.com,001-722-200-6843x947,1982-05-01
100,Lisa,Brady,derekhernandez@example.com,+1-620-794-1794,1961-04-18
